INSERT INTO dev.genre (id, name) VALUES (1, 'Thrash Metal');
INSERT INTO dev.band (id, name, year_disbanded, year_founded, genre_id) VALUES (1, 'Slayer', null, 1981, 1);
INSERT INTO dev.label (id, name, year_founded) VALUES (1, 'Def Jam Recordings', 1983);
INSERT INTO dev.label (id, name, year_founded) VALUES (2, 'American Recordings', 1988);
INSERT INTO dev.label (id, name, year_founded) VALUES (3, 'Nuclear Blast', 1987);
INSERT INTO dev.member (id, name) VALUES (1, 'Jeff Hanneman');
INSERT INTO dev.member (id, name) VALUES (2, 'Kerry King');
INSERT INTO dev.member (id, name) VALUES (3, 'Tom Araya');
INSERT INTO dev.member (id, name) VALUES (4, 'Dave Lombardo');
INSERT INTO dev.member (id, name) VALUES (5, 'Gary Holt');
INSERT INTO dev.member (id, name) VALUES (6, 'Paul Bostaph');
INSERT INTO dev.location (id, place) VALUES (1, 'Warsaw, Poland');
INSERT INTO dev.promoter (id, name, year_founded) VALUES (1, 'Live Nation', 1980);
INSERT INTO dev.studio (id, name, location_id) VALUES (1, 'Some studio name', 1);
INSERT INTO dev.venue (id, name, location_id) VALUES (1, 'Stodola', 1);
INSERT INTO dev.album (id, title, year_of_release, band_id, genre_id, label_id) VALUES (1, 'Reign in Blood', 1986, 1, 1, 1);
INSERT INTO dev.album (id, title, year_of_release, band_id, genre_id, label_id) VALUES (2, 'Seasons In The Abyss', 1990, 1, 1, 2);
INSERT INTO dev.album (id, title, year_of_release, band_id, genre_id, label_id) VALUES (3, 'Repentless', 2015, 1, 1, 3);
INSERT INTO dev.album_member (album_id, member_id) VALUES (1, 1);
INSERT INTO dev.album_member (album_id, member_id) VALUES (2, 1);
INSERT INTO dev.album_member (album_id, member_id) VALUES (1, 2);
INSERT INTO dev.album_member (album_id, member_id) VALUES (2, 2);
INSERT INTO dev.album_member (album_id, member_id) VALUES (3, 2);
INSERT INTO dev.album_member (album_id, member_id) VALUES (1, 3);
INSERT INTO dev.album_member (album_id, member_id) VALUES (2, 3);
INSERT INTO dev.album_member (album_id, member_id) VALUES (3, 3);
INSERT INTO dev.album_member (album_id, member_id) VALUES (1, 4);
INSERT INTO dev.album_member (album_id, member_id) VALUES (2, 4);
INSERT INTO dev.album_member (album_id, member_id) VALUES (3, 5);
INSERT INTO dev.album_member (album_id, member_id) VALUES (3, 6);
INSERT INTO dev.album_studio (album_id, studio_id) VALUES (1, 1);
INSERT INTO dev.album_studio (album_id, studio_id) VALUES (2, 1);
INSERT INTO dev.album_studio (album_id, studio_id) VALUES (3, 1);
INSERT INTO dev.event (id, event_date, type, promoter_id, venue_id) VALUES (1, 0xACED00057372000D6A6176612E74696D652E536572955D84BA1B2248B20C00007870770703000007E2010C78, 'CONCERT', 1, 1);
INSERT INTO dev.band_event (band_id, event_id) VALUES (1, 1);
INSERT INTO dev.band_member (band_id, member_id) VALUES (1, 2);
INSERT INTO dev.band_member (band_id, member_id) VALUES (1, 3);
INSERT INTO dev.band_member (band_id, member_id) VALUES (1, 5);
INSERT INTO dev.band_member (band_id, member_id) VALUES (1, 6);